"","V1","V2","V3"
"1","/wiki/The_Birth_of_a_Nation","The Birth of a Nation","The Birth of a Nation (1915). Future film director Erich von Stroheim fell off a roof and broke two ribs in one scene as an extra.[3]"
"2","/wiki/The_Woman_God_Forgot","The Woman God Forgot","The Woman God Forgot (1917). In one scene, extras were required to be thrown over the side of an Aztec pyramid. The 'pyramid' was built of wood and covered in paper on which sand had been glued to create the appearance of stone. The extras were 'sand-papered' as they slid down the side of the structure. Having expected such injuries, a crew member was waiting at the bottom with a bucket of iodine.[6]"
"3","/wiki/The_Valley_of_the_Giants_(1919_film)","The Valley of the Giants (1919 film)","The Valley of the Giants (1919). Silent-era star Wallace Reid was badly injured in a train crash during filming in Oregon. His injuries caused him severe pain and the studio supplied him with increasing quantities of morphine so he could keep working. Addicted to morphine and also suffering from alcoholism, Reid died in 1923 at the age of 31.[7]"
"4","/wiki/Haunted_Spooks","Haunted Spooks","Haunted Spooks (1920). On the set of a publicity shoot that took place while filming, actor and comedian Harold Lloyd picked up what he thought was a prop bomb with the fuse lit but realized too late the bomb was real. It detonated, blowing off the thumb and first finger of his right hand and also temporarily blinding him. For the rest of his career, Lloyd concealed his missing fingers with a prosthetic glove.[9]"
"5","/wiki/The_Skywayman","The Skywayman","The Skywayman (1920). Pilots Milton Elliott and Ormer Locklear were killed on 2 August 1920, during filming. Their plane crashed at the DeMille Airfield, along Wilshire Blvd. in Los Angeles, while filming night scenes.[10]"
"6","/wiki/Souls_for_Sale","Souls for Sale","Souls for Sale (1923). Actress Barbara La Marr injured her ankle during filming and doctors prescribed not only morphine but also cocaine to control the pain and enable her to continue filming. Working on the production left La Marr addicted to drugs, a factor that contributed to her premature death three years later.[12]"
"7","/wiki/Sherlock_Jr.","Sherlock Jr.","Sherlock Jr. (1924). While hanging from a water tower, Buster Keaton pulled a rope that released water from the tower, knocking him to the ground. In the scene, he stood and ran into the distance. During a routine physical examination 11 years later, an X-ray revealed that Keaton's neck had been fractured.[13]"
"8","/wiki/The_Warrens_of_Virginia_(1924_film)","The Warrens of Virginia (1924 film)","The Warrens of Virginia (1924). On 29 November 1923, while working on location in San Antonio, Texas, Martha Mansfield was severely burned when a match, tossed by a cast member, ignited her Civil War costume of hoopskirts and flimsy ruffles. Mansfield was playing the role of Agatha Warren and had just finished her scenes and retired to a car when her clothing burst into flames. Her neck and face were saved when leading man Wilfred Lytell threw his heavy overcoat over her. The hands of the chauffeur of Mansfield's car were badly burned while he tried to remove the actress' burning clothing. The fire was put out, but she sustained substantial burns to her body and died the following day.[14]"
"9","/wiki/Ben-Hur:_A_Tale_of_the_Christ_(1925_film)","Ben-Hur: A Tale of the Christ (1925 film)","Ben-Hur (1925). An early filming attempt of the chariot race was done on location at the Circus Maximus in Rome. It brought about the death of one stuntman when a wheel of his chariot broke.[15]"
"10","/wiki/Wings_(1927_film)","Wings (1927 film)","Wings (1927). During filming of the World War I aerial combat scenes, stunt pilot Dick Grace was required to deliberately crash-land a Fokker D-VII, specially modified to ""crumple"" on impact. When the Fokker struck the ground, the landing gear failed to crumple, making the impact a heavier one than planned. This caused Grace's safety straps to break, sending his head through the instrument panel, leaving him with four crushed vertebrae and a broken neck. Amazingly, Grace spent only six weeks in the hospital and was again performing stunt work within a year.[17]"
"11","/wiki/Noah%27s_Ark_(1928_film)","Noah's Ark (1928 film)","Noah's Ark (1928). Three people died, one man lost a leg and a number were injured in a scene where several hundred extras were caught in the ""Great Flood."" The deaths were instrumental in the introduction of film safety regulations the following year.[18]"
"12","/wiki/The_Godless_Girl","The Godless Girl","The Godless Girl (1929). The filming of one scene required cast members Lina Basquette and George Duryea to be trapped in a burning building and both actors had their clothing, hair and exposed skin covered with an asbestos coating. During filming, Duryea, concerned that the pyrotechnic flames were getting too hot and too close, fled from the set but Basquette, eager to impress director Cecil B DeMille, insisted on remaining until the scene was completed despite the intense heat. The actress suffered serious burns and blistering to her forearms and her eyebrows and lashes were singed.[20]"
"13","/wiki/Hell%27s_Angels_(film)","Hell's Angels (film)","Hell's Angels (1930). Three pilots were killed during the filming.[22] The sole Sikorsky S-29-A, owned by Roscoe Turner, which portrayed a German Gotha bomber, crashed during filming on 22 March 1929 when stunt pilot Al Wilson put it in a spin for its final scene and was unable to recover. He was ready to bail out and called back to his mechanic Phil Jones (who was in the rear of the plane dumping lampblack to simulate smoke) to jump, but Jones didn't hear him and went down with the plane. Only one brief shot of the spinning Sikorsky was used in the film.[23][24] Two other stunt pilots, Al Johnson and Clement Phillips, were killed in separate accidents. Producer-director Howard Hughes was badly injured when he personally piloted a low-altitude aerial maneuver after the professional stunt men informed him it could not be done safely or successfully. They were proven right when Hughes crashed and suffered severe head injuries. Hughes underwent plastic surgery to undo the damage to his face, but his left cheekbone could not be repaired."
"14","/wiki/Such_Men_Are_Dangerous","Such Men Are Dangerous","Such Men Are Dangerous (1930). During aerial filming off the coast of Southern California near Santa Monica on 2 January 1930, two Stinson Detroiter aircraft, employed as camera-planes, collided over the ocean. All ten men on board the two planes were killed, including director Kenneth Hawks (brother of Howard Hawks), assistant-director Max Gold, cinematographer Conrad Wells, director of photography George Eastman, cameramen Otto Jordan and Ben Frankel, two property men and both pilots. Only five bodies were recovered. As it was one of the final scenes to be filmed, the movie was still completed on schedule. Families of the men who were lost took legal action against Fox Film Company but the courts ruled in favour of the latter.[19][25][26]"
"15","/wiki/Four_Frightened_People","Four Frightened People","Four Frightened People (1934). During filming in Hawaii, actress Claudette Colbert was required to stand up to her neck in a real swamp. This scene was shot on her first day on set after having undergone an emergency appendectomy and Colbert and the director disregarded concerns raised by the on-set nurse. Filming in the unsanitary conditions while not yet fully recovered led to Colbert being hospitalized with a severe fever two days later.[28]"
"16","/wiki/The_Charge_of_the_Light_Brigade_(1936_film)","The Charge of the Light Brigade (1936 film)","The Charge of the Light Brigade (1936). During the filming of the charge sequence, a stuntman was killed when he fell off his horse and landed on a broken sword that was lying on the field, unfortunately wedged in such a position that its blade was sticking straight up. Also, due to the use of trip wires, three dozen horses had their legs broken and had to be shot during filming, resulting in the U.S. Congress passing laws to protect animals used in motion pictures.[citation needed]"
"17","/wiki/Saratoga_(film)","Saratoga (film)","Saratoga (1937).  Lionel Barrymore broke his hip after tripping on a cable on the set of that film.[31]"
"18","/wiki/Jesse_James_(1939_film)","Jesse James (1939 film)","Jesse James (1939). A horse was killed during the scene where it was ridden off a cliff into a river. This incident led to the American Humane Association opening a Hollywood office in 1940 and monitoring the treatment of animals in films.[32]"
"19","/wiki/The_Wizard_of_Oz_(1939_film)","The Wizard of Oz (1939 film)","The Wizard of Oz (1939). Margaret Hamilton was badly burned during a scene in which her character, the Wicked Witch of the West, ""vanished"" in a burst of flame and smoke. A delay in activating a trap door left her exposed to the pyrotechnic device.[33] Her stunt double was also injured in a scene involving a smoking broomstick.[34]Buddy Ebsen suffered a severe allergic reaction to his Tin Man makeup that resulted in a collapsed lung and lifelong breathing issues.[35] He was unable to continue working on the production and was replaced by Jack Haley."
"20","/wiki/Citizen_Kane","Citizen Kane","Citizen Kane (1941). While filming, Orson Welles tripped down a staircase and chipped his anklebone, forcing him to use a wheelchair for the next two weeks. Welles also gashed his own hand during a scene where he destroyed a room.[37] Welles quickly improvised, grabbing a curtain and using it to cover his bleeding hand while he completed the scene, which appears in the film."
"21","/wiki/My_Life_for_Ireland","My Life for Ireland","My Life for Ireland (1941). An anti-British propaganda film made by Nazi Germany. During the epic final-battle scene set during the Irish Civil War, several extras were killed when one of them stepped on a live land mine. The footage is said to have been included in the release prints, although no proof of this has been established.[citation needed]"
"22","/wiki/They_Died_with_Their_Boots_On","They Died with Their Boots On","They Died with Their Boots On (1941). Three horsemen perished during the cavalry charge, one of whom was extra Jack Budlong, whose horse tripped as he rode alongside Errol Flynn. As he fell forward, he had the foresight to toss his sword ahead of him. Unfortunately, it landed handle down and stuck in place. Budlong was impaled on his own sword, and died in a Los Angeles hospital a few hours later.[38]"
"23","/wiki/Reap_the_Wild_Wind","Reap the Wild Wind","Reap the Wild Wind (1942). According to a biographer, actor John Wayne suffered a chronic inner-ear condition for the rest of his life after filming under-water scenes in this production.[39]"
"24","/wiki/The_Royal_Mounted_Rides_Again","The Royal Mounted Rides Again","The Royal Mounted Rides Again (1945). Addison ""Jack"" Randall was killed at Canoga Park, California, while riding a horse past the cameras at full speed on 16 July 1945, for a Universal Pictures serial, when he fell from the saddle while trying to retrieve his hat which had blown off his head, and struck a tree. He died shortly thereafter.[42]"
"25","/wiki/Unconquered_(1947_film)","Unconquered (1947 film)","Unconquered (1947). During the filming of the historical adventure, nine extras suffered burns including one man who had his hair partially burnt off because director Cecil B DeMille insisted on using real fireballs and flaming arrows for one of the battle scenes.[43] In another incident, stunt woman Polly Burson was filming a scene that required a canoe to go over a waterfall. She missed the tree limb she was supposed to grab onto and fell into the safety net which was below the water's surface. Landing face down in the net, she nearly drowned and was only barely able to struggle upright in time.[44]"
"26","/wiki/The_Conqueror_(1956_film)","The Conqueror (1956 film)","The Conqueror (1956). The exterior scenes were shot on location near St. George, Utah, 137 miles (220 km) downwind of the United States government's Nevada Test Site. In 1953, extensive above-ground nuclear weapons testing had occurred at the test site, as part of Operation Upshotâ€“Knothole. Director Dick Powell died of cancer in January 1963, Pedro ArmendÃ¡riz was diagnosed with kidney cancer in 1960, and committed suicide in 1963 after he learned his condition had become terminal. Susan Hayward, John Wayne and Agnes Moorehead all died of cancer in the 1970s. Cast member actor John Hoyt died of lung cancer in 1991. The cast and crew totaled 220 people. By 1981, 91 of them had developed some form of cancer and 46 had died of the disease. Several of Wayne and Hayward's relatives also had cancer scares as well after visiting the set. Michael Wayne developed skin cancer, his brother Patrick Wayne had a benign tumor removed from his breast and Hayward's son Tim Barker had a benign tumor removed from his mouth. It is not clear, however, that the cancer rate for this film crew was significantly higher than in the general population. Further, while the cast members noted developed a wide variety of cancers, according to The New England Journal of Medicine, leukemia is the only form of cancer known to develop from exposure to fallout radiation.[45][46]"
"27","/wiki/The_Ten_Commandments_(1956_film)","The Ten Commandments (1956 film)","The Ten Commandments (1956). Cecil B DeMille overcame a minor heart attack while climbing down by ladder from the top of the Ancient Egyptian city gate set during filming the ""take three"" of the Exodus sequence. In another incident, during filming of a sand-storm scene, an extra carrying a flaming torch tripped over and the torch set fire to the clothing of a young girl standing next to him. The girl only suffered minor burns thanks to the quick thinking of make-up artist Frank Westmore who raced over and tore off her burning costume. During the filming of the same scene, several Egyptian extras were bitten by scorpions and a cobra which had been blown out of their burrows in the sand by the artificially generated storm.[47]"
"28","/wiki/Varan_the_Unbelievable","Varan the Unbelievable","Varan the Unbelievable (1958). Minor injuries, exhaustion and dehydration are common hazards for suit actors of the kaiju genre, but during the filming of 'Varan' suit actor Haruo Nakajima (who also portrayed Godzilla for 18 years) was severely burned due to a pyrotechnics mishap. This was the only time in his career that his injuries forced him to be replaced for the remainder of the shoot.[48]"
"29","/wiki/Ben-Hur_(1959_film)","Ben-Hur (1959 film)","Ben-Hur (1959). Joe Canutt, who was Charlton Heston's stunt double, sustained a gash on his chin after being flipped out of his chariot during a chariot race scene.[49]"
"30","/wiki/The_Horse_Soldiers","The Horse Soldiers","The Horse Soldiers (1959). Fred Kennedy, a veteran stuntman and bit player, was killed in a horse fall on location in Louisiana. Director John Ford was so upset he closed the set and had to film the rest of the scene later in the San Fernando Valley, and in a cut-down version.[citation needed]"
"31","/wiki/The_Siege_of_Sidney_Street","The Siege of Sidney Street","The Siege of Sidney Street (1960). British actor Leonard Sachs was injured while filming a scene which took place in a burning building. The room and all the props were coated with fire-proof jelly, as was the actor's shoulders and arms. However the special-effects crew neglected to apply the jelly to Sachs' head because to do so would have taken 20 minutes and the production was on a tight schedule. As a result, Sachs suffered burns to his hair and scalp while filming the scene.[51]"
"32","/wiki/Cape_Fear_(1962_film)","Cape Fear (1962 film)","Cape Fear (1962).  According to Robert Mitchum, Gregory Peck accidentally punched him for real during the final fight scene. Mitchum felt the impact for days afterward.[54]"
"33","/wiki/Flower_on_the_Stone","Flower on the Stone","Flower on the Stone (1962). Soviet actress Inna Burduchenko suffered third-degree burns while filming in a burning barracks on 30 July 1960. She died in the hospital on 15 August. Burudchenko was three months pregnant at the time of her death.[55]"
"34","/wiki/How_the_West_Was_Won_(film)","How the West Was Won (film)","How the West Was Won (1962). Stuntman Bob Morgan, husband of Yvonne De Carlo, was seriously injured and lost a leg during a break in filming a gunfight on a moving train. Chains holding logs on a flatbed car broke, crushing Morgan as he crouched beside them.[56]"
"35","/wiki/Lawrence_of_Arabia_(film)","Lawrence of Arabia (film)","Lawrence of Arabia (1962). Actor Peter O'Toole was nearly killed when he fell from his camel. He also injured his hand during filming by punching through the window of a caravan while drunk. A brace or bandage can be seen on his left thumb during the first train-attack scene, presumably due to this incident.[citation needed]"
"36","/wiki/The_Manchurian_Candidate_(1962_film)","The Manchurian Candidate (1962 film)","The Manchurian Candidate (1962). While filming a fight scene with Henry Silva, Frank Sinatra broke his little finger during a movement where he smashed through a table. This resulted in problems with his hand for several years and is said to be one of the reasons why he pulled out of a starring role in Dirty Harry, having to undertake surgery to alleviate pains.[57]"
"37","/wiki/The_War_Lover","The War Lover","The War Lover (1962). During aerial filming over the English Channel, parachutists jumped from a vintage B-17 to simulate a bail-out. One of the jumpers, Englishman Mike Reilly, drowned in the sea below.[58]"
"38","/wiki/Dr._Strangelove","Dr. Strangelove","Dr. Strangelove (1964). Peter Sellers was originally to have portrayed a fourth character, Major ""King"" Kong.  However, Sellers injured his ankle while filming a take as Kong. As a result, Slim Pickens played the role of Kong.  Scott Simon claims the titular character is in a wheelchair because of Sellers' ankle injury.[59]"
"39","/wiki/Goldfinger_(film)","Goldfinger (film)","Goldfinger (1964). Harold Sakata burned his hand while filming the fight at Fort Knox, where his character, Oddjob, gets electrocuted, but continued to act as the scene was still being filmed.[60]"
"40","/wiki/The_Horror_of_Party_Beach","The Horror of Party Beach","The Horror of Party Beach (1964). For the filming of the motorcycle and car chase, members of a local motorcycle club were hired to play a bike gang. Not wanting to be in the back of the field, one of the members sped up to the front and collided with the actor playing the gang leader, triggering a pileup that injured the actor and several bikers. Meanwhile, a police car responding to the incident was involved in its own crash.[61]"
"41","/wiki/The_Flight_of_the_Phoenix_(1965_film)","The Flight of the Phoenix (1965 film)","The Flight of the Phoenix (1965). On 8 July 1965, pilot Paul Mantz crashed and was killed on a second take making a low pass.[22][62]"
"42","/wiki/Lt._Robin_Crusoe,_U.S.N.","Lt. Robin Crusoe, U.S.N.","Lt. Robin Crusoe, U.S.N. (1965). Cameraman Robert King Baggot was killed during filming in Kauai when a huge wave hit his boat and washed him overboard.[19]"
"43","/wiki/Thunderball_(film)","Thunderball (film)","Thunderball (1965). While filming the scene where SPECTRE agent Angelo crashes the Avro Vulcan into the ocean near The Bahamas, the stunt double for Angelo nearly drowned when the stunt double for Emilio Largo accidentally disconnected both the prop oxygen line and the double's actual oxygen line underneath.[63]"
"44","/wiki/Rawhide_(TV_series)","Rawhide (TV series)","High Jungle (1966). On 28 September 1966, Rawhide star Eric Fleming was filming in Peru. During the final stages of shooting, Fleming's dugout canoe overturned in the Huallaga River. Actor Nico Minardos managed to swim to safety, but Fleming was swept away by the current and drowned. Fleming was 41 when he died. His body was recovered three days later.[citation needed]"
"45","/wiki/You_Only_Live_Twice_(film)","You Only Live Twice (film)","You Only Live Twice (1967). While filming an autogyro flight scene in Miyazaki Prefecture, cameraman John Jordan, who was standing on the landing strut of the camera helicopter, was struck in the foot by the autogyro's blade. Although doctors in the area were able to reattach the foot, he had it amputated when he returned to the UK.[64]"
"46","/wiki/Night_of_the_Living_Dead","Night of the Living Dead","Night of the Living Dead (1968). Crew member Gary Streiner accidentally caught himself on fire while attempting to ignite a prop with gasoline. Actor Bill Hinzman managed to put out the fire, saving Streiner's life.[65][66]"
"47","/wiki/Where_Eagles_Dare","Where Eagles Dare","Where Eagles Dare (1968). Derren Nesbitt was injured on set whilst filming the scene in which his character is killed. The blood squib attached to Nesbitt exploded with such force that he was temporarily blinded, though he made a quick recovery.[67]"
"48","/wiki/Battle_of_Britain_(film)","Battle of Britain (film)","Battle of Britain (1969). Spanish Air Force pilot Don Federico Eglesias Lanzo was killed in a crash at Tablada, Seville.[10]"
"49","https://ru.wikipedia.org/wiki/%D0%94%D0%B8%D1%80%D0%B5%D0%BA%D1%82%D0%BE%D1%80_(%D1%84%D0%B8%D0%BB%D1%8C%D0%BC,_1969)","extiw","Director (1969). Soviet actor Yevgeni Urbansky died in an accident while performing a stunt during filming on 5 November 1965.[citation needed]"
"50","/wiki/Shark!_(film)","mw-redirect","Shark! (1969). A stuntman was mauled to death on camera when a shark, which was supposed to have been sedated, suddenly attacked.[citation needed]"
"51","/wiki/Barquero","Barquero","Barquero (1970). On 28 August 1969, Director Robert Sparr was killed in a plane crash while scouting filming locations with cameraman Gerald Finnerman. The single-engine plane they were riding in went down near the Brush Hollow Reservoir outside of Penrose, Colorado. The pilot was also killed in the crash, but Finnerman survived. One of the film's stars, Lee Van Cleef, was scheduled to accompany Sparr and Finnerman on the scouting trip, but he backed out at the last minute.[citation needed]"
"52","/wiki/Catch-22_(film)","Catch-22 (film)","Catch-22 (1970). Second-unit director John Jordan was killed when he was sucked out of a B-25 Mitchell while filming a bombing scene. He refused to wear a safety harness while the plane was in flight.[68][64]"
"53","/wiki/Insee_thong","mw-redirect","Insee thong (1970). Thai star Mitr Chaibancha was killed while starring as his popular character, the masked crime-fighter Insee Daeng (Red Eagle). On the final day of shooting, Mitr was required to grab a rope ladder hanging from a helicopter. However he only managed to grab the lowest rung. Unaware of this, the helicopter pilot took off and Mitr finally lost his grip and fell to the ground. The accident was caught on film and appeared in the final theatrical release. The fall was removed from the DVD release version.[69]"
"54","/wiki/Tora!_Tora!_Tora!","Tora! Tora! Tora!","Tora! Tora! Tora! (1970). During aerial rehearsals prior to shooting in Oahu, Hawaii, a Vultee BT-13, modified to resemble a Japanese Val dive-bomber, crashed in a sugar-cane field in Ewa, killing pilot Guy Thomas Strong.[70]"
"55","/wiki/A_Clockwork_Orange_(film)","A Clockwork Orange (film)","A Clockwork Orange (1971). During the film's pivotal brainwashing scene, Malcolm McDowell suffered a scratched cornea and temporary blindness from having his eyes propped open for so long.[72] McDowell also suffered a broken rib in the scene in which an actor taunts and attacks him to demonstrate his rehabilitation.[citation needed]"
"56","/wiki/Kamen_Rider","Kamen Rider","Kamen Rider (1971). During a scene for Episode 9 (""The Terrifying Cobra-Man""), lead actor Hiroshi Fujioka fractured his thighbone in a motorcycle stunt when he rode into a telephone pole at 50 mph (80 km/h), forcing him out of action. Producers had to use stock and unused footage, which was dubbed by RokurÃ´ Naya, for the next four episodes, causing a dip in the ratings. Producers eventually had no choice but to substitute him with a second character played by Takeshi Sasaki. Fujioka made a return in Episode 53 (""Monster Jaguarman â€“ Deathmatch by Motorcycle Fight""). As neither actor could be axed, the show ended up having two heroes.[citation needed]"
"57","/wiki/Von_Richthofen_and_Brown","Von Richthofen and Brown","Von Richthofen and Brown (1971). Stunt pilot Charles Boddington was killed during filming when the vintage biplane he was flying crashed at Weston Airport near Dublin. The following day, another aircraft crashed, injuring pilot Lynn Garrison and actor Don Stroud.[73]"
"58","/wiki/Matlock_Police","Matlock Police","Matlock Police (1971). During the filming of a pursuit-sequence for episode 36 (""End Of The Road""), a vehicle driven by a cast member struck and killed a member of the camera crew after losing control while negotiating a gravel bend.[74]"
"59","/wiki/Deliverance","Deliverance","Deliverance (1972).  Burt Reynolds injured his coccyx while canoeing.[75][76][77]"
"60","/wiki/Enter_the_Dragon","Enter the Dragon","Enter the Dragon (1972). During a fight-scene, Robert Wall accidentally slashed Bruce Lee in the arm with a broken bottle. After the wound healed, Lee legitimately kicked Wall during the re-shoot with such force that an extra broke his arm trying to catch Wall.[78]"
"61","/wiki/The_Godfather","The Godfather","The Godfather (1972). Gianni Russo broke two ribs and cracked his elbow after James Caan threw him over a fence and slammed a garbage can on him during a fight scene.[79]"
"62","/wiki/The_Last_Lion","The Last Lion","The Last Lion (1972). Sound technician James Chapman was mauled to death by a lion during production on this South African film.[citation needed]"
"63","/wiki/Napoleon_and_Samantha","Napoleon and Samantha","Napoleon and Samantha (1972). Jodie Foster was mauled by a lion on the set. The event has since caused Foster to suffer from ailurophobia.[80]"
"64","/wiki/Doctor_Who","Doctor Who","La Cloche TibÃ©taine (1973). On 18 June, during the filming of episode 4, L'escadron d'or (The Golden Squadron), of this French mini-series, actor Roger Delgado and two Turkish film technicians were killed when their car went off of the road and fell into a ravine. Delgado, who was most famous for his role as the Master in the British film series Doctor Who, was 55 at the time of his death.[citation needed]"
"65","/wiki/The_Exorcist_(film)","The Exorcist (film)","The Exorcist (1973). Linda Blair suffered a spinal fracture due to a mechanical failure while filming a scene where her character Regan MacNeil levitates and thrashes violently. The fracture later developed into scoliosis years later after Blair reinjured her back during a motorcycle scene in another film.[81] In addition, actress Ellen Burstyn seriously injured her back while filming a scene where she falls over backwards after her possessed daughter backhands her. The scene was left in the film.[citation needed]"
"66","/wiki/The_Eiger_Sanction_(film)","The Eiger Sanction (film)","The Eiger Sanction (1975). A number of accidents occurred during the filming of The Eiger Sanction. A 27-year-old English climber, David Knowles, who was a body double and photographer, was killed during a rock fall, and mountaineer Mike Hoover narrowly escaped with his life.[83]"
"67","/wiki/The_Great_Waldo_Pepper","The Great Waldo Pepper","The Great Waldo Pepper (1975). Experienced stunt-pilot Frank Tallman, during filming of the aerial scenes, managed to perform two planned crashes without injury. However a third (accidental) crash occurred while landing a Nieuport biplane when a rudder bar broke at 400 feet, sending his aircraft nose-diving into a hill. Tallman survived but suffered two cracked vertebrae, required 58 stitches, and had to be taken off filming for two weeks.[84]"
"68","/wiki/Hand_of_Death_(1976_film)","Hand of Death (1976 film)","Hand of Death (1976). According to his book I Am Jackie Chan: My Life in Action, Jackie Chan was knocked unconscious when he did one of the stunts on this film.[85]"
"69","/wiki/The_Omen","The Omen","The Omen (1976). Gregory Peck accidentally slammed a car door on the hand of Guglielmo Spoletini, who portrayed the Italian taxi driver. According to Bloody Disgusting, Spoletini's finger was almost amputated.[86]"
"70","/wiki/A_Bridge_Too_Far_(film)","A Bridge Too Far (film)","A Bridge Too Far (1977). Stuntman Alf Joint was seriously injured while performing a stunt in which he jumped off a roof. Joint said of the experience that he felt he was being ""pushed."" In addition, special effects director John Richardson and his assistant Liz Moore were involved in a car crash which killed Moore. Both the crash and Joint's injury are alleged to have been attributed by the ""curse"" of the 1976 film The Omen, which Joint and Richardson also participated in.[86][87][88][89]"
"71","/wiki/Hi-Riders","Hi-Riders","Hi-Riders (1977). Stuntman Vic Rivers was killed when he drove his vehicle off a ramp into a pond on the Paramount ranch. He drowned before assistance reached him.[citation needed]"
"72","/wiki/Attack_of_the_Killer_Tomatoes","Attack of the Killer Tomatoes","Attack of the Killer Tomatoes (1978). The Hiller UH-12 helicopter crash involving Jack Riley and George Wilson was entirely unintentional, but having not been seriously injured, both actors continued by ad-libbing the rest of the scene, and ultimately it was included in the film.[90]"
"73","/wiki/Comes_a_Horseman","Comes a Horseman","Comes a Horseman (1978). Filming the scene where Jason Robards' character is dragged (presumably) to his death, his stunt double Jim Sheppard was killed when a horse that was dragging him veered from its course and caused him to hit his head on a fence post. The scene made it into the film, although it was cut right before the horse passed through the gate that killed Sheppard.[citation needed]"
"74","/wiki/Invasion_of_the_Body_Snatchers_(1978_film)","Invasion of the Body Snatchers (1978 film)","Invasion of the Body Snatchers (1978). While filming a scene of his character running, Donald Sutherland was struck by a car.[91]"
"75","/wiki/Snake_in_the_Eagle%27s_Shadow","Snake in the Eagle's Shadow","Snake in the Eagle's Shadow (1978). Actor Hwang Jang Lee knocked off one of Jackie Chan's teeth after kicking him in the face during a fight scene. Chan's arm was also slashed by a sword that was supposed to be blunt, but the camera kept rolling as he was screaming in pain.[85]"
"76","/wiki/Apocalypse_Now","Apocalypse Now","Apocalypse Now (1979). In the film's opening scene, Martin Sheen cut his hand after smashing a mirror; he was too drunk to realize that his hand was streaming in blood. During filming on 5 March 1977, Sheen suffered a heart attack. He returned to the set six weeks later.[citation needed]"
"77","/wiki/CHiPs","CHiPs","CHiPs (1979). While filming an episode, Erik Estrada lost control of his motorcycle and was hurled into a parked car before the 900-pound motorcycle landed on him. Estrada sustained fractured ribs, partially collapsed lungs, a fractured right wrist, and a cracked sternum and clavicle.[92][93]"
"78","/wiki/The_Dukes_of_Hazzard","The Dukes of Hazzard","The Dukes of Hazzard (1980). Assistant cameraman Rodney Mitchell was killed and eight other crew members were injured when their camera truck flipped while rehearsing a chase scene.[19]"
"79","/wiki/Kolilakkam","Kolilakkam","Kolilakkam (1980). Indian actor Jayan was killed during a stunt scene when the helicopter he was boarding crashed.[96]"
"80","/wiki/Magnum,_P.I.","Magnum, P.I.","Magnum, P.I. (1980). Cameraman Rob Van Der Kar was killed in a helicopter crash while filming an episode.[19]"
"81","/wiki/That%27s_Incredible!","That's Incredible!","That's Incredible! (1980). On 6 July, stunt motorcyclist Steve Lewis suffered extensive foot and knee injuries while attempting to jump over two cars speeding toward him at over 100 mph (160 km/h).[97] On 15 September, while performing a 170-foot (52 m) jump over the fountains of Caesars Palace in Paradise, Nevada, stunt motorcyclist Gary Wells missed the landing ramp and crashed into a parking lot wall. He sustained a tear in the main artery of his heart, along with broken legs, a fractured pelvis, and a concussion. In addition, six spectators were injured when a 15-foot (4.6 m) section of the wall gave way upon impact.[98]"
"82","/wiki/Das_Boot","Das Boot","Das Boot (1981). While filming a scene in which the U-96 is caught in a storm, actor Jan Fedder lost his footing and was nearly swept off the conning tower set. Actor Bernd Tauber noticed Fedder was suddenly missing and cried out, ""Mann-Ã¼ber-Bord!"" (""Man overboard!""). With the cameras still rolling, Tauber helped him to the conning tower hatch. Director Wolfgang Petersen did not realize at first that it was an accident and said, ""Good idea, Jan. We'll do that one more time!"" before it came upon him. Fedder was hospitalized and his role was partially rewritten so that he was bed-ridden for a short portion of the film. The footage was developed and the scene in which Fedder's character is nearly swept off the submarine is one of the most memorable moments in the film.[citation needed]"
"83","/wiki/The_Cannonball_Run#Litigation","The Cannonball Run","The Cannonball Run (1981). Stuntwoman Heidi von Beltz was left a paraplegic after being thrown from her car during a crash.[99][100] She died in October 2015, 35 years after the accident, aged 59.[101]"
"84","/wiki/The_Five_of_Me","The Five of Me","The Five of Me (1981). Camera assistant Jack Tandberg was killed when he was struck by a driverless stunt car during filming of this made-for-television film.[19]"
"85","/wiki/For_Your_Eyes_Only_(film)","For Your Eyes Only (film)","For Your Eyes Only (1981). While filming a high-speed chase in the bobsleigh run, the four-man bobsled came out of the run at the wrong place and hit a tree. One of its occupants, a young stuntman named Paolo Rigon, was killed.[102] In the scene where James Bond and Melina Havelock are dragged across the ocean, the stunt doubles for both characters suffered cuts and lacerations when their backs scraped against the coral reef in the Bahamas.[63]"
"86","/wiki/Roar_(1981_film)","mw-redirect","Roar (1981). A film about a wildlife preservationist whose family came to visit him only to be met with his co-habitats, his vast collection of wild animals, which unfortunately attacked the film crew and actors who had to work alongside with, leaving over 70 of them injured on set[103][104] including cinematographer Jan de Bont, who had his scalp lifted by a lion, resulting in 220 stitches. Lead actress Tippi Hedren fractured her leg and also had scalp wounds after being bucked off by an elephant while she was riding it in addition to being also bitten in the neck by a lion and required 38 stitches. Melanie Griffith (Hedren's daughter) was also attacked, receiving 50 stitches to her face.[105] Because of the injuries on set, crew turnover was high as many never returned to the set.[106][107][108] John Marshall was bitten by one of the lions and required 56 stitches.[109][110][111][112]"
"87","/wiki/The_Sword_and_the_Sorcerer","The Sword and the Sorcerer","The Sword and the Sorcerer (1981). Stuntman Jack Tyree was killed while doing a high-fall stunt at Griffith Park in Los Angeles. While performing a 78-foot (24 m) fall in heavy costume and makeup, Tyree fell short of his airbag , resulting in a fatal impact.[113]"
"88","/wiki/That%27s_Incredible!","That's Incredible!","That's Incredible! (1981). On April 1, 1981 in PuÊ»unene, Hawaii, Australian stuntman Jim Bailey attempted to hang glide on the underside of a single-engine airplane, but upon takeoff, his safety harness snapped, leaving him dangling under the front landing gear about 500 feet above ground before falling to his death.[114]"
"89","/wiki/Blade_Runner","Blade Runner","Blade Runner (1982). Daryl Hannah chipped her elbow in eight places during a scene where she accidentally slipped on the pavement and smashed the window of a parked car.[115]"
"90","/wiki/First_Blood","First Blood","First Blood (1982). Sylvester Stallone suffered numerous serious injuries during filming. For example, in the scene where John Rambo escapes being pursued from Deputy Art Galt (Jack Starrett) by jumping off a cliff and into a mass of tree branches. Stallone performed the stunt himself and broke several ribs after filming the scene three times. He suffered bruises to his back after filming 19 takes of the jail scene where Galt clubbed Rambo with a nightstick. Also, while filming for the scene where Rambo first runs into the abandoned mine shaft to elude the guards firing at him, Stallone seriously injured his hand after failing to realize that his hand was on the top of a gunfire squib that went off after. The injury was so severe that Stallone almost lost his thumb. After performing for a stunt in a deleted scene, the stunt driver for Brian Dennehy, Bennie E. Dobbins, suffered a lumbar compression fracture. Dobbins would later pass away from a heart attack in 1988 while filming Red Heat.[78][116]"
"91","/wiki/Fitzcarraldo","Fitzcarraldo","Fitzcarraldo (1982). The production of this West German film was affected by the numerous injuries and deaths of several indigenous extras who were hired as laborers, as well as two plane crashes that resulted in five critical injuries and one paralysis. A Peruvian logger was forced to amputate his own foot after being bitten by a venomous snake.[117]"
"92","/wiki/Pink_Floyd_%E2%80%93_The_Wall","Pink Floyd â€“ The Wall","Pink Floyd â€“ The Wall (1982). During the filming of the scene for the song ""One of My Turns"", in which the main character tears apart his hotel room, Bob Geldof injured his left hand while ripping off pieces of a wooden closet door; he can be seen briefly looking at his hand. Later in the scene, he is then seen with a shirt wrapped around his hand.[citation needed]"
"93","/wiki/World_War_III_(TV_miniseries)","mw-redirect","World War III (1982). During filming for this made-for-TV movie, director Boris Sagal was fatally injured when his skull was fractured as he walked into the tail rotor blade of a helicopter.[118]"
"94","/wiki/Coolie_(1983_Hindi_film)","Coolie (1983 Hindi film)","Coolie (1983). While filming a fight scene with Puneet Issar, Amitabh Bachchan was critically injured when he jumped over a table and the corner of the table struck his abdomen, resulting in a splenic rupture and blood loss. Filming was delayed for several months for Bachchan to recover from his injury.[119]"
"95","/wiki/High_Road_to_China","High Road to China","High Road to China (1983). During filming in Yugoslavia, a helicopter crashed en route to location. All three on boardâ€“copter pilot Nigel Thornton, stunt pilot David Perrin and mechanic Jaron Andersonâ€“were killed in the crash.[120]"
"96","/wiki/Midnite_Spares","Midnite Spares","Midnite Spares (1983). Focus-puller David Brostoff was killed when, during filming of a motor-race scene at Granville, Australia, one of the sprint-cars swerved off the track and struck him, driving his body through two fences. The filmmakers were criticized for a lack of a proper stunt coordinator at the scene and for allowing non-stunt drivers to drive at race-speed.[121]"
"97","/wiki/The_Right_Stuff_(film)","The Right Stuff (film)","The Right Stuff (1983). Stuntman Joseph Leonard Svec died while performing a parachute jump that recreated Chuck Yeager's escape from a stalling NF-104. In real life, Yeager's flight helmet had caught fire on colliding with the ejection seat's heated exhaust in mid-air. Svec carried a smoke canister during his freefall to simulate such fire. However, this may have intoxicated the stuntman, causing him to lose consciousness. He failed to open his parachute and fell to his death.[123]"
"98","/wiki/Scarface_(1983_film)","Scarface (1983 film)","Scarface (1983).  Production was stalled for two weeks because Al Pacino accidentally burned his hand by holding a barrel of a gun that had been fired.[124][125]"
"99","/wiki/Twilight_Zone:_The_Movie","Twilight Zone: The Movie","Twilight Zone: The Movie (1983). On 23 July 1982, Vic Morrow and child actors Myca Dinh Le (aged 7) and Renee Shin-Yi Chen (aged 6) were killed by a helicopter during production when it was caught in the pyrotechnics flying low at 25 feet (8 metres).[68][126] The tail rotor decapitated Morrow and Le and crushed Chen to death.[126] The accident led to one of the most prolonged lawsuits in film history and resulted in some major changes in filming codes.[126]"
"100","/wiki/City_Heat","City Heat","City Heat (1984). Burt Reynolds suffered a broken jaw after being hit on the face with a metal chair while filming a fight scene. The injury left him restricted to a liquid diet; he lost 30 lb (14 kg) by the time filming wrapped.[127]"
"101","/wiki/Indiana_Jones_and_the_Temple_of_Doom","Indiana Jones and the Temple of Doom","Indiana Jones and the Temple of Doom (1984). In June 1983, while filming in London, Harrison Ford herniated a disc in his back, forcing him to fly back to Los Angeles for an operation. He returned six weeks later.[128][129]"
"102","/wiki/Cover_Up_(TV_series)","Cover Up (TV series)","Cover Up (1984). While waiting for an episode filming to resume, actor Jon-Erik Hexum played Russian roulette with a .44 Magnum loaded with a blank. The gunshot fractured his skull and caused massive cerebral hemorrhaging when bone fragments were forced through his brain. He was rushed to Beverly Hills Medical Center, where he was pronounced brain dead.[130]"
"103","/wiki/Airwolf","Airwolf","Airwolf (1985). Stuntman Reid Rondell was killed in a helicopter crash.[132]"
"104","/wiki/Police_Story_(1985_film)","Police Story (1985 film)","Police Story (1985). During the film's famous pole-sliding scene, Jackie Chan suffered third-degree burns on his hands, nearly broke the seventh and eighth vertebrae on his spine, dislocated his pelvis, and was nearly paralyzed. Also, in the scene where Jackie Chan stops a double-decker bus, the actors were supposed to be thrown through the front window of the second level and land on a car below, but instead they landed right on the hard surface of the road, missing the car. The scene still went into the film.[85]"
"105","/wiki/Rambo:_First_Blood_Part_II","Rambo: First Blood Part II","Rambo: First Blood Part II (1985). During filming in Mexico, FX man Cliff Wenger, Jr. was accidentally killed by one of the film's explosions.[citation needed]"
"106","/wiki/Rocky_IV","Rocky IV","Rocky IV (1985). Demanding a sense of realism in the boxing match between Rocky Balboa and Ivan Drago, Sylvester Stallone and Dolph Lundgren agreed to legitimately spar with each other. Stallone was airlifted from Canada to St. John's Hospital in Santa Monica, California, and placed on intensive care for eight days after Lundgren delivered a hard punch to his chest, causing his heart to swell and his blood pressure to exceed 200.[133][134]"
"107","/wiki/Runaway_Train_(film)","Runaway Train (film)","Runaway Train (1985). During filming in Alaska, a helicopter en route to location struck power lines and crashed, killing pilot Rick Holley.[120]"
"108","/wiki/Armour_of_God_(film)","Armour of God (film)","Armour of God (1986). During the filming of a scene in which Jackie Chan jumped from a wall to a tree branch, the branch snapped off and Chan fell 15 feet to the ground below. He hit his head on a rock, causing part of his skull to crack and a fragment to lodge in his brain. He now has a plastic plug in a permanent hole in his skull and hearing-loss in the right ear[85] and has since called this stunt ""the closest (he) had ever come to death."""
"109","/wiki/Vendetta_dal_futuro","Vendetta dal futuro","Vendetta dal futuro (Hands of Steel, 1986). During filming of the Italian sci-fi action film in Arizona, a helicopter attempted to fly beneath the Navajo Bridge but crashed, killing the pilot Dan Nasca and Italian actor Claudio Cassinelli.[120]"
"110","/wiki/Maximum_Overdrive","Maximum Overdrive","Maximum Overdrive (1986). Director of photography Armando Nannuzzi was seriously injured when a radio-controlled lawnmower used in a scene went out of control and struck a block of wood used as a camera support, shooting out wood splinters. The splinters were fired at Nannuzzi's face, resulting in him losing an eye. Nannuzzi sued Stephen King on 18 February 1987, for $18 million in damages due to unsafe working practices. The suit was settled out of court.[citation needed]"
"111","/wiki/Top_Gun","Top Gun","Top Gun (1986). On 16 September 1985, aerobatic pilot Art Scholl crashed his Pitts S-2 camera-plane off the southern Californian coast near Carlsbad and neither was recovered.[33][68][126][135]"
"112","/wiki/The_Wraith","The Wraith","The Wraith (1986). During filming of a car-chase scene in the low-budget sci-fi action film in Arizona, assistant cameraman Bruce Ingram was killed when an overloaded camera car crashed on a mountain road.[19][26]"
"113","/wiki/Million_Dollar_Mystery","Million Dollar Mystery","Million Dollar Mystery (1987). Stuntman Dar Robinson died in a motorcycle accident after a dangerous stunt had been filmed and the medics on the set had been dismissed. Robinson, famous for his jumps off Toronto's CN Tower, drove his motorcycle off a cliff.[68]"
"114","/wiki/The_Squeeze_(1987_film)","The Squeeze (1987 film)","The Squeeze (1987). Veteran stuntman Victor Magnotta drowned while performing a car stunt in which he drove the vehicle off a Hoboken pier and plunged into the Hudson River. He was pinned in the car, and could not escape before drowning.[137]"
"115","/wiki/The_Untouchables_(film)","The Untouchables (film)","The Untouchables (1987).  While filming the first take of the scene when his character is riddled with bullets from Frank Nitti (Billy Drago)'s tommy gun, Sean Connery caught dust in his eye and had to be hospitalized. Film director Brian De Palma recalled having to beg Connery to do a second take of the scene.[124][125]"
"116","/wiki/Braddock:_Missing_in_Action_III","Braddock: Missing in Action III","Braddock: Missing in Action III (1988). On location in the Philippines, a helicopter hired by the Cannon Group crashed into Manila Bay, killing four Filipino soldiers (who were working as extras) and wounding five other people on the ground. This helicopter accident occurred the same day the ""not guilty"" Twilight Zone verdict was handed down in a Los Angeles Superior Court.[citation needed]"
"117","/wiki/Die_Hard","Die Hard","Die Hard (1988). Bruce Willis lost two-thirds of his hearing after firing a gun loaded with extra-loud blanks from underneath a table.[138]"
"118","/wiki/Halloween_4:_The_Return_of_Michael_Myers","Halloween 4: The Return of Michael Myers","Halloween 4: The Return of Michael Myers (1988). While filming a rooftop scene, Ellie Cornell accidentally slipped and her torso was cut by a large nail. She lost a large amount of blood but recovered, going on to continue on with the film.[citation needed]"
"119","/wiki/Red_Heat_(1988_film)","Red Heat (1988 film)","Red Heat (1988). Stuntman and director Bennie Dobbins suffered a fatal heart attack while filming a fight scene in freezing conditions outdoors in Austria. The scene required Arnold Schwarzenegger and another actor to fight near-naked in deep snow. Dobbins over-exerted himself trying to install fan heaters in the snow to prevent the actors suffering hypothermia.[139]"
"120","/wiki/The_Abyss_(film)","mw-redirect","The Abyss (1989). Actor Ed Harris almost drowned during an underwater sequence. Despite him yelling ""Cut"" when he ran out of air, the production crew didnâ€™t give him oxygen until he passed out. The trauma caused him to break down in his car on the way home. He is also alleged to have punched director James Cameron in the face following the incident.[140]"
"121","/wiki/Back_to_the_Future_Part_II","Back to the Future Part II","Back to the Future Part II (1989).  During a ""hoverboard"" stunt scene, stuntwoman Cheryl Wheeler-Dixon was accidentally bounced off a pillar before falling thirty feet onto concrete, sustaining serious facial and wrist injuries.[141]"
"122","/wiki/Cyborg_(film)","Cyborg (film)","Cyborg (1989). While filming, Jackson ""Rock"" Pinckney lost his eye during filming when Jean-Claude Van Damme accidentally struck his eye with a prop knife. Pinckney sued Van Damme in a North Carolina court and was awarded $487,500.[142][143]"
"123","/wiki/H._B._Halicki#Marriage,_the_1989_reboot_of_Gone_In_60_Seconds_2_and_death","H. B. Halicki","Gone in 60 Seconds 2 (1989, unfinished). Director/actor H. B. Halicki was killed in Buffalo, New York, when a water tower he was planning to topple fell prematurely, hitting a telephone pole that then struck him in the head. The film was scrapped as a result of the accident.[144]"
"124","/wiki/The_Karate_Kid_Part_III","The Karate Kid Part III","The Karate Kid Part III (1989). Actor Sean Kanan suffered internal bleeding after doing 20 takes of being thrown out a door and landing on his stomach. He collapsed at a Las Vegas hotel four days after shooting the scene and was discovered to have two quarts of blood pooled in his abdomen.[146]"
"125","/wiki/The_Return_of_the_Musketeers","The Return of the Musketeers","The Return of the Musketeers (1989). On 20 September 1988, Roy Kinnear suffered a broken pelvis in a horseback riding accident and died of a heart attack the following day.[68][126][147]"
"126","/wiki/The_Sword_of_Tipu_Sultan","The Sword of Tipu Sultan","The Sword of Tipu Sultan (1989). The largest number of on-set deaths in film history took place during the filming of this Indian made-for-TV movie. A total of 62 extras and crew members died after a fire broke out and they were trapped inside the burning film studio. Director and star Sanjay Khan suffered major burns and spent 13 months in hospital undergoing 72 surgeries.[148]"
"127","/wiki/Back_to_the_Future_Part_III","Back to the Future Part III","Back to the Future Part III (1990). In the scene where Buford ""Mad Dog"" Tannen and his gang roped and hanged Marty McFly, Michael J. Fox lost consciousness for a few seconds from being hanged before an extra realized he was legitimately being asphyxiated and the noose was lowered. He recounted this event in his autobiography, Lucky Man.[149][78]"
"128","/wiki/Delta_Force_2:_The_Colombian_Connection","Delta Force 2: The Colombian Connection","Delta Force 2: The Colombian Connection (1990). Five people were killed in a helicopter crash during filming in the Philippines.[68][144] The fatalities here were: Jojo Imperiale (pilot), Geoff Brewer (actor), Gadi Danzig (cameraman), Mike Graham (key grip) and Don Marshall (gaffer).[19][120]"
"129","/wiki/Bikini_Island_(film)","Bikini Island (film)","Bikini Island (1991). Stuntman Jay C. Currin was killed on the first day of filming when a stunt fall off a 55-foot (17 m) cliff went wrong and he landed on some rocks instead of the airbag that had been placed to break his fall.[68]"
"130","/wiki/Highlander_II:_The_Quickening","Highlander II: The Quickening","Highlander II: The Quickening (1991). Christopher Lambert and Michael Ironside both suffered injuries during filming. Lambert chipped one of Ironside's teeth during a fight scene, while Ironside inadvertently chopped off part of Lambert's finger during a sword-fight scene.[150]"
"131","/wiki/Terminator_2:_Judgment_Day","Terminator 2: Judgment Day","Terminator 2: Judgment Day (1991). Linda Hamilton suffered permanent hearing damage in one ear during filming when she fired a gun inside an elevator without using her ear plugs.[151] She also injured her knees from falling on the ground during multiple re-shoots of her character being hit with a nightstick by actor Ken Gibbel. Frustrated by Gibbel's refusal to hit her properly, Hamilton legitimately knocked him out with a broom handle during the escape scene.[152]Arnold Schwarzenegger nearly broke some fingers while twirling his shotgun with one hand. While there was a shotgun with a lever loop lengthened to fit Schwarzenegger's hand, he mistakenly picked up a standard-sized unit and injured his hand while attempting the stunt.[153]"
"132","/wiki/The_Bodyguard_(1992_film)","The Bodyguard (1992 film)","The Bodyguard (1992). A worker died when he was crushed between two lighting-equipment cranes during filming.[144]"
"133","/wiki/Patriot_Games_(film)","Patriot Games (film)","Patriot Games (1992). While filming the climactic speedboat fight scene, Sean Bean sustained a gash above his left eyebrow after Harrison Ford struck him with a metal hook.[140]"
"134","/wiki/999_(British_TV_series)","999 (British TV series)","999 (1993). While recreating a real-life near-fatal parachute incident in which a parachutist tangled his equipment with the aircraft's landing gear before freeing himself, veteran stuntman Tip Tipping leapt out of a Cessna and crashed into woods near Ellingham, Northumberland, he was pronounced dead when medical staff arrived.[155]"
"135","/wiki/Super_Mario_Bros._(film)","Super Mario Bros. (film)","Super Mario Bros. (1993). Bob Hoskins was stabbed four times, electrocuted, and was nearly drowned. During one scene, Hoskins broke a finger when the door of a van slammed on his hand.[156]"
"136","/wiki/Crime_Story_(film)","Crime Story (film)","Crime Story (1993). Jackie Chan's legs were crushed between two cars during a dangerous stunt scene.[85]"
"137","/wiki/The_Fugitive_(1993_film)","The Fugitive (1993 film)","The Fugitive (1993). Harrison Ford damaged some ligaments in his leg while filming a chase scene in the woods. Because he refused to have surgery until filming was wrapped, his character Dr. Richard Kimble walked with a limp throughout the film.[129]"
"138","/wiki/Gettysburg_(1993_film)","Gettysburg (1993 film)","Gettysburg (1993). During filming of the battle scenes on Little Round Top, Bradley Egen, an extra playing a Union soldier, was unintentionally struck in the head by the butt of a musket and suffered a mild concussion.[157]"
"139","/wiki/Sliver_(film)","Sliver (film)","Sliver (1993). Cameraman Michael Benson suffered lung injuries after a helicopter crash left him trapped for two days inside a Hawaiian volcano crater. The crew aboard the helicopter was flying over an active volcano to shoot the film's original opening sequence, but the footage was lost in the crash.[158]"
"140","/wiki/The_Crow_(1994_film)","The Crow (1994 film)","The Crow (1994). On 31 March 1993, American actor and martial artist Brandon Lee was accidentally shot and killed in North Carolina with a .44 magnum gun that was intended to fire blanks but contained a bullet left behind after a dummy round had been inserted and removed.[33][62][68][144][159] Also, on 1 February 1993 on the opening day of filming, a carpenter was severely shocked and burned when his scissor lift struck power lines.[126]"
"141","/wiki/L.A._Heat_(TV_series)","L.A. Heat (TV series)","L.A. Heat (1995). Stuntman Paul Dallas died when he missed the airbag for a 53-foot fall.[160]"
"142","/wiki/Seven_(1995_film)","Seven (1995 film)","Seven (1995). In a scene where Detective David Mills (Brad Pitt) chased John Doe in the rain, Pitt fell and his arm went through a car windscreen, requiring surgery. This accident was written into the script to explain Pitt wearing a cast over his arm. Coincidentally, the original script did call for Pitt's character to be injured during this sequence but not to his hand.[161]"
"143","/wiki/Vampire_in_Brooklyn","Vampire in Brooklyn","Vampire in Brooklyn (1995). Angela Bassett's stunt-double Sonja Davis fell to her death in a stunt gone wrong.[145] Her death led to a $50 million wrongful-death lawsuit against Paramount Pictures.[162]"
"144","/wiki/Waterworld","Waterworld","Waterworld (1995). During production, actresses Jeanne Tripplehorn and Tina Majorino were thrown overboard from the trimaran they were on when its bowsprit snapped. Nearly a dozen rescue divers jumped in and brought them back on board. Kevin Costner nearly died when he was caught in a squall while tied to the mast of his trimaran. In addition, several cast and crew members suffered from seasickness and jellyfish stings.[163] Costner's stunt double, Laird Hamilton, was lost at sea for a few hours when his jet ski ran out of fuel after the filming of a jet ski scene.[164]"
"145","/wiki/Love_Serenade","Love Serenade","Love Serenade (1996). During the filming of a scene on a grain silo, stuntman Collin Dragsbaek (doubling actor George Shetsov) died when he fell onto a faulty airbag.[167]"
"146","/wiki/Gone_Fishin%27_(film)","Gone Fishin' (film)","Gone Fishin' (1997). Janet Wilder was killed and four other people, including her husband, were injured when a speedboat driver misjudged a ramp and the speedboat landed in a crowd.[168][169]"
"147","/wiki/Pleasantville_(film)","Pleasantville (film)","Pleasantville (1997). Cameraman Brent Hershman died when he fell asleep driving home after a 19-hour workday on the set of the film. Hershman's death resulted in a wrongful-death suit, claiming that New Line Cinema, New Line Productions and Juno Pix Inc. were responsible for the death as a result of the lengthy work hours imposed on the set, and spurred a call to limit filming hours.[170][171]"
"148","/wiki/Titanic_(1997_film)","Titanic (1997 film)","Titanic (1997). Several extras were injured during the film's climactic sinking scene where passengers fell and hit parts of the ship. Injuries ranged from a broken ankle to cracked ribs, a fractured cheekbone, and a ruptured spleen.[172]Kate Winslet suffered pneumonia from filming the water scenes after she refused to wear a wetsuit under her dress. During the scene where Jack and Rose were running away from an ocean wave in the hallways, Winslet's coat snagged on a gate, pulling her down and nearly drowning her.[173] On the final night of shooting in Nova Scotia, 80 cast and crew members were hospitalized after pranksters spiked the clam chowder at the catering area with PCP.[174]"
"149","/wiki/Blues_Brothers_2000","Blues Brothers 2000","Blues Brothers 2000 (1998). While filming a stunt scene, a car rolled onto two crew members, one of whom needed a leg amputation. Three months later, during filming for a car-crash sequence, stuntman Bob Minor suffered severe injuries to his head.[175]"
"150","/wiki/The_Crow:_Stairway_to_Heaven","The Crow: Stairway to Heaven","The Crow: Stairway to Heaven (1998). A special-effects explosion went wrong during filming on 15 August 1998, when stuntman Marc Akerstream was struck on the head and killed by flying debris.[176]"
"151","/wiki/Mighty_Joe_Young_(1998_film)","Mighty Joe Young (1998 film)","Mighty Joe Young (1998). Director of photography Don Peterman and camera operator Ray de la Motte were injured while preparing a crane shot in July 1997 in Thousand Oaks, California. Both suffered extensive neck and head injuries.[178]"
"152","/wiki/Walker,_Texas_Ranger","Walker, Texas Ranger","Walker, Texas Ranger (1999). Stuntman William Charles Skeen suffered a fatal heart attack when the GMC Suburban in which he was riding in made a rough landing after hurtling 140 feet through the air in a state park. The landing of the vehicle broke all the axles.[179]"
"153","/wiki/Cast_Away","Cast Away","Cast Away (2000). While filming, Tom Hanks cut his leg. Two weeks later, the swelling on his leg persisted, and Hanks was confined to a hospital for three weeks to treat a staph infection that would have killed him from blood poisoning.[180]"
"154","/wiki/Crouching_Tiger,_Hidden_Dragon","Crouching Tiger, Hidden Dragon","Crouching Tiger, Hidden Dragon (2000). During a fight scene, Michelle Yeoh tore an ACL on her knee after a bad landing and had to be flown from China to Johns Hopkins Hospital in Baltimore, Maryland, for surgery.[181]"
"155","/wiki/Dinosaur_(film)","Dinosaur (film)","Dinosaur (2000). A crew member was killed and another seriously wounded when a camera boom struck a cross-country power line.[182]"
"156","/wiki/I_Dare_You:_The_Ultimate_Challenge","I Dare You: The Ultimate Challenge","I Dare You: The Ultimate Challenge (2000). Stuntman Michael Brady died while preparing his stunt equipment in Benson, Arizona. He accidentally slipped off a train boxcar and hit his head on the rocks below. Brady was in a coma for several days and finally was taken off life support.[183]"
"157","/wiki/Proof_of_Life","Proof of Life","Proof of Life (2000). David Morse's stand-in, Will Gaffney, was killed while riding on a truck that drove off a mountain road.[184][185][186]"
"158","/wiki/Taxi_2","Taxi 2","Taxi 2 (2000). A Peugeot 406 was supposed to land in a pile of cardboard after a stunt, but missed and hit several crew. Cameraman Alain Dutartre later died of internal injuries while his assistant Jean-Michel Bar broke both legs.[187]"
"159","/wiki/Exit_Wounds","Exit Wounds","Exit Wounds (2001). During filming in Hamilton, Ontario, a van was being towed along a street upside-down as part of a chase scene; stuntman Chris Lamon and another man were supposed to roll safely out, but Lamon struck his head, dying six days later.[188]"
"160","/wiki/Pearl_Harbor_(film)","Pearl Harbor (film)","Pearl Harbor (2001). A stunt plane dressed like a Japanese fighter crashed during a flight over the movie set. The pilot survived the crash escaping serious injuries.[70][189]"
"161","https://ru.wikipedia.org/wiki/%D0%A1%D0%B2%D1%8F%D0%B7%D0%BD%D0%BE%D0%B9_(%D1%84%D0%B8%D0%BB%D1%8C%D0%BC,_2002)","extiw","The Messenger (2002). Russian actor and director Sergei Bodrov, Jr. and 42 film crew members were killed in the Kolkaâ€“Karmadon rock ice slide after finishing the second day of shooting on 20 September.[190]"
"162","/wiki/XXX_(2002_film)","XXX (2002 film)","XXX (2002). Vin Diesel's stunt double, Harry L. O'Connor, was killed during filming,[145] in a scene in which he was supposed to rappel down a parasailing line and land on a submarine. He instead struck a bridge at high speed and was killed instantly.[68][126]"
"163","/wiki/Ripley%27s_Believe_It_or_Not!_(TV_series)","mw-redirect","Ripley's Believe It or Not! (2003). While filming an episode near Kingman, Arizona, a filming-helicopter flew into a power line. David Gibbs, the helicopter pilot, had his pilot's license suspended for the accident. He would later on be involved in another helicopter accident in 2013 that killed him and two passengers.[191]"
"164","/wiki/The_Osbournes","The Osbournes","The Osbournes (2003). Ozzy Osbourne was seriously injured at his home after an accident whilst riding a quad bike. Ozzy broke his collarbone, eight ribs, neck vertebra. Ozzy had to be resuscitated at the scene. He rushed to hospital we he had his collarbone lifted to release a major artery. This left the future for the show uncertain."
"165","/wiki/CrossBones_(film)","CrossBones (film)","CrossBones (2004). Cinematographer Neal Fredericks was killed when the Cessna from which he was filming crashed near the Dry Tortugas off the coast of Florida on 14 August 2004. Although the director, pilot, and two other crew members were able to escape, Fredericks could not free himself from his harness and drowned.[19][192]"
"166","/wiki/Kill_Bill:_Volume_2","Kill Bill: Volume 2","Kill Bill: Volume 2 (2004). While filming a driving scene in Mexico, Uma Thurman sustained a concussion and injured her knees when she lost control of the car and crashed into a palm tree.[193]"
"167","/wiki/The_Passion_of_the_Christ","The Passion of the Christ","The Passion of the Christ (2004). In playing the role of Jesus Christ, Jim Caviezel sustained gashes to his back from multiple whippings, hypothermia, and a separated shoulder from carrying a giant cross. He was also struck by lightning before filming the Sermon of the Mount scene.[72]"
"168","/wiki/The_Phantom_of_the_Opera_(2004_film)","The Phantom of the Opera (2004 film)","The Phantom of the Opera (2004). A worker suffered severe injuries when he was thrown from scaffolding that was not properly secured on the set of the film. Actor Patrick Wilson fell off his horse approximately three times while filming his own stunt scene, riding the horse bareback. He also nearly drowned while filming the water scenes in the lake.[33]"
"169","/wiki/Troy_(film)","Troy (film)","Troy (2004). Brad Pitt, who played Achilles in the film, tore his left Achilles tendon during production.[33] George Camilleri, a bodybuilding extra, broke his leg while filming an action sequence at GÄ§ajn TuffieÄ§a. He was operated on the following day but suffered complications and died two weeks later.[126]"
"170","/wiki/%C3%86on_Flux_(film)","Ã†on Flux (film)","Ã†on Flux (2005). Charlize Theron was performing backflips during filming and landed on her neck, herniating a disc close to her spinal cord. Production was shut down for eight weeks.[194]"
"171","/wiki/Syriana","Syriana","Syriana (2005). During a torture scene where he was tied to a chair, George Clooney suffered head and spinal injuries and memory loss when he hit his head on the floor after the torturer knocked his chair over. The impact ruptured his dura mater, resulting in loss of cerebrospinal fluid. The injury was so painful that he contemplated committing suicide while recovering.[195]"
"172","/wiki/Casino_Royale_(2006_film)","Casino Royale (2006 film)","Casino Royale (2006). While filming the Madagascar fight-scene in Barbados, Daniel Craig knocked out two of his front teeth. The damage was so severe that Craig's dentist had to be flown in from London to fix caps into his mouth.[citation needed]"
"173","/wiki/Jackass_Number_Two","Jackass Number Two","Jackass Number Two (2006). During filming of the closing scene Ryan Dunn was performing a stunt with Bam Margera in which both of them are pulled out of shot by a running horse with a rope tied around their feet. Dunn dropped straight onto his shoulder, causing damage to the muscles and leading to a life-threatening blood clot near his heart and brain.[citation needed]"
"174","/wiki/Ocean%27s_Deadliest","Ocean's Deadliest","Ocean's Deadliest (2006). On 4 September 2006, Steve Irwin was fatally pierced in the chest by a stingray spine while snorkelling at the Great Barrier Reef, at Batt Reef, which is located off the coast of Port Douglas in north Queensland. Irwin was in the area filming the documentary, but weather had stalled filming. He decided to take the opportunity to film some shallow water shots for a segment in the television program his daughter Bindi was hosting when the ray suddenly turned and lashed out at him with the spine on its tail.[196]"
"175","/wiki/Wowowee","Wowowee","Wowowee (2006). A stampede occurred at PhilSports Football and Athletics Stadium, where the Philippine game show was filming its first anniversary episode. The stampede killed 73 people and injured 392 others.[199] The incident is cited in the 2007 Guinness World Records as ""the greatest death toll in a game show.""[200]"
"176","/wiki/Charlie_Wilson%27s_War_(film)","Charlie Wilson's War (film)","Charlie Wilson's War (2007). A special-effects assistant was critically injured when a prop missile exploded.[205]"
"177","/wiki/Fifth_Gear","Fifth Gear","Fifth Gear (2007). During the filming of Series 12, episode 7,[206] presenter Tom Ford broke his foot and several toes when he crashed a modified Bedford Rascal van while recording a piece about drifting.[207]BTCC driver Jason Plato suffered multiple burns when a Caparo T1 he was driving at Bruntingthorpe proving ground burst into flames.[208]"
"178","/wiki/The_Final_Season","The Final Season","The Final Season (2007). Cameraman Roland Schlotzhauer was killed during filming when the helicopter he was on hit power lines and crashed into a field. The helicopter pilot and one of the film's producers were seriously injured.[19][126]"
"179","/wiki/Live_Free_or_Die_Hard","Live Free or Die Hard","Live Free or Die Hard (2007). Bruce Willis was injured during a fight scene when he was kicked above his right eye by Maggie Q's stunt double, who was wearing stiletto heels. Willis was hospitalized and received seven stitches that ran through his right eyebrow and down into the corner of his eye.[209] Willis' stunt double Larry Rippenkroeger was knocked unconscious when he fell 25 feet (7.6 m) from a fire escape to the pavement. Rippenkroeger suffered broken bones in his face, several broken ribs, a punctured lung, and fractures in both wrists. Due to his injuries, production was temporarily shut down. Willis personally paid the hotel bills for Rippenkroeger's parents and visited him a number of times at the hospital.[210]"
"180","/wiki/The_Dark_Knight_(film)","The Dark Knight (film)","The Dark Knight (2008). Cameraman Conway Wickliffe was killed in 2007 on the set of The Dark Knight, as he rode in a pickup truck driving parallel to a stunt car; the pickup missed a 90-degree turn and crashed into a tree.[19][68][211]"
"181","/wiki/Jumper_(2008_film)","Jumper (2008 film)","Jumper (2008). Set dresser David Ritchie was crushed to death by frozen debris as an exterior set was being dismantled.[126]"
"182","/wiki/Law_%26_Order:_Special_Victims_Unit","Law & Order: Special Victims Unit","Law & Order: Special Victims Unit (2008). While filming an action scene, Mariska Hargitay suffered a collapsed lung after landing wrongly, requiring multiple surgeries to correct the injury.[212]"
"183","/wiki/Red_Cliff_(film)","Red Cliff (film)","Red Cliff (2008/2009). While filming a scene in which a small boat was set on fire and was to ram a larger boat, the fire spread quickly out of control, killing stuntman Lu Yanqing and injuring six others.[213]"
"184","/wiki/G.I._Joe:_The_Rise_of_Cobra","G.I. Joe: The Rise of Cobra","G.I. Joe: The Rise of Cobra (2009). During an explosion-effects misfire, Sienna Miller's suit caught fire, igniting the area between her breasts.[72][219]"
"185","/wiki/Inglourious_Basterds","Inglourious Basterds","Inglourious Basterds (2009). In the scene where Hans Landa (Christoph Waltz) strangled Bridget Von Hammersmark (Diane Kruger) to death, director Quentin Tarantino stood in as Waltz's body double to give the scene more realism. Consequently, Kruger briefly lost consciousness from being strangled by Tarantino.[78]"
"186","/wiki/Nitro_Circus","Nitro Circus","Nitro Circus (2009). Johnny Knoxville was attempting to do a back flip on a Moto X bike. He was halfway into the rotation when disaster struck. He bailed, he hit the ground hard and the bike landed on top of him. The handlebars hit his crotch, leaving him with serious genitalia injuries (tearing his urethra). As a result, he has to flush his bladder periodically by means of a catheter. Knoxville said the process prevented scar tissue from forming.[220] Motocross racer Jolene Van Vugt broke her wrist after coming short of a 65-foot (20 m) triple jump. She needed a metal plate attached with seven screws on her wrist and had to wear an arm-cast throughout the second season.[221]"
"187","/wiki/The_Tournament_(2009_film)","The Tournament (2009 film)","The Tournament (2009). In a botched attempt to turn over a semi-trailer truck with an air cannon for a chase scene, a piece of iron debris flew toward the production crew and hit assistant director Shero Rauf. Rauf broke both legs in that accident; he took almost two years to walk normally again.[222]"
"188","/wiki/The_Expendables_(2010_film)","The Expendables (2010 film)","The Expendables (2010). Sylvester Stallone injured his neck while filming a fight scene with Steve Austin. He required a metal plate inserted into his neck during surgery.[134][219]"
"189","/wiki/Harry_Potter_and_the_Deathly_Hallows_(film)","mw-redirect","Harry Potter and the Deathly Hallows (2010/2011). During production at Leavesden, Daniel Radcliffe's stunt double David Holmes suffered a serious spinal injury during the filming of an aerial sequence, which left him a tetraplegic. Holmes fell to the ground following an explosion that was part of the stunt.[219][223][224][225]"
"190","/wiki/Lost_(TV_series)","Lost (TV series)","Lost (2010). While filming a fight scene for the series finale ""The End"", Terry O'Quinn mistakenly stabbed Matthew Fox with a real knife instead of a collapsible one. Fox's life was saved by the kevlar vest underneath his shirt.[226]"
"191","/wiki/Wetten,_dass..%3F","Wetten, dass..?","Wetten, dass..? (2010). In the 4 December episode of this German entertainment series, stuntman Samuel Koch attempted to powerbock over five moving cars in succession when his head hit the windshield of the fourth car (driven by his father), causing him to crash to the ground head-first, fracturing two vertebrae and rendering him quadriplegic.[citation needed]"
"192","/wiki/Campus_PD","Campus PD","Campus PD (2011). Cameraman Greg Jacobsen was killed in a helicopter crash while filming at the Indiana University of Pennsylvania.[19]"
"193","/wiki/The_Eagle_(2011_film)","The Eagle (2011 film)","The Eagle (2011). When filming in a freezing river, actors have a mixture of boiling hot water and river water poured down their suits to stay warm. A crew member forgot to mix the hot water with the river water during filming; as a result, Channing Tatum was scalded with boiling water that burned the skin off the tip of his penis.[138][219]"
"194","/wiki/The_Hangover_Part_II","The Hangover Part II","The Hangover Part II (2011). Australian stuntman Scott McLean suffered critical brain damage while filming in Bangkok after a taxi he was leaning out of the window of failed to dodge another vehicle, causing McLean's head to collide with it. Warner Bros. then issued a statement stating McLean was put into a medically induced coma, and were reportedly paying his hospital bills. McLean soon recovered, stating he had suffered ""likely permanent brain and physical injuries"" before suing the studio for unspecified damages.[219]"
"195","/wiki/Transformers:_Dark_of_the_Moon","Transformers: Dark of the Moon","Transformers: Dark of the Moon (2011). An extra was seriously injured during a stunt in Hammond, Indiana. Due to a failed weld, a steel cable snapped from a car being towed and hit the extra's car, damaging her skull. The extra, identified as Gabriela CÃ©dillo, had to undergo brain surgery.[227] The injury has left her permanently brain-damaged, paralyzed on her left side and her left eye stitched shut.[228][229] In May 2012, it was revealed that a $18 million settlement had been reached between Paramount and the Cedillo family.[230] As a result of this accident, recycled footage from one of Michael Bay's previous movies, The Island, was used instead with CG robots inserted into the footage.[231]"
"196","/wiki/Agneepath_(2012_film)","Agneepath (2012 film)","Agneepath (2012). Hrithik Roshan suffered numerous injuries during production. He sustained burns on his hands when Priyanka Chopra's lehenga caught fire. He suffered an eye injury from Holi colors thrown to his face during a musical scene. He also sustained a major back injury from lifting a 110 kg (240 lb) man during an action scene.[119]"
"197","/wiki/The_Avengers_(2012_film)","The Avengers (2012 film)","The Avengers (2012). While performing a 30-foot (9.1 m) fall from a building, stuntman Jeremy Fitzgerald slammed into a pile of bricks and tore off a chunk of his scalp.[219]"
"198","/wiki/The_Expendables_2","The Expendables 2","The Expendables 2 (2012). While filming in Elin Pelin, Bulgaria, a stuntman was killed and another was left in critical condition during a staged explosion on a rubber boat. The surviving stuntman underwent a five-hour operation that reportedly left him in stable condition.[232] In addition, both Sylvester Stallone and Arnold Schwarzenegger required shoulder surgery after filming.[138][219]"
"199","/wiki/The_Good_Wife","The Good Wife","The Good Wife (2012). Kristin Chenoweth sustained a skull fracture, broken nose, spinal and rib injuries, and cracked teeth after a piece of the lighting rig fell on her, forcing her to require years of physical therapy.[233][234]"
"200","/wiki/The_Hobbit_(film_series)","The Hobbit (film series)","The Hobbit (2012â€“2014). As many as 27 animals were killed during the production of this film, mainly from the hazardous conditions of the farm they were housed in. Several goats and sheep fell into a sinkhole under the farm. One horse was hobbled and left on the ground for three hours. Another horse was killed after falling off an embankment of an overcrowded paddock. One horse had the skin and muscles of her leg torn off by wire fencing. Several chickens were mauled to death by unsupervised dogs or trampled by larger animals. This led to a global protest against the film by People for the Ethical Treatment of Animals (PETA).[235][236][237]"
"201","/wiki/Nitro_Circus:_The_Movie","Nitro Circus: The Movie","Nitro Circus: The Movie (2012). Mountain-biker and freestyle rider Jim DeChamp sustained a broken vertebra and severe head trauma as a result of a car stunt gone wrong.[238]"
"202","/wiki/Premium_Rush","Premium Rush","Premium Rush (2012). While filming in the streets of New York City, Joseph Gordon-Levitt lost control of his bicycle and collided with the back of a taxicab before flying towards its rear windscreen. He required 31 stitches after his right forearm was slashed by the impact.[138][239]"
"203","/wiki/The_Sessions_(film)","The Sessions (film)","The Sessions (2012). John Hawkes suffered a severe disc injury on his back.[240] Hawkes has confirmed that his ""spine now has not enough movement.""[241]"
"204","/wiki/Dangerous_Flights","Dangerous Flights","Dangerous Flights (2013). On 24 February 2013, cameraman/director John Driftmier and conservationist Dr. Anthony King were killed in a plane crash in Kenya. Driftmier was shooting footage for the documentary when the plane, an Aeroprakt A-22L ultralight (registration 5Y-LWF) crashed into the east face of Mount Kenya. Although only a preliminary report has been published thus far, it is believed that a large downdraft forced the ultralight into an unrecoverable descent into the mountain. Driftmier and King were the only occupants.[19][242][243][244][245]"
"205","/wiki/G.I._Joe:_Retaliation","G.I. Joe: Retaliation","G.I. Joe: Retaliation (2013). A crew member was killed while dismantling a set in New Orleans, Louisiana, when the scissor lift he was on tipped over, causing him to fall to his death.[246]"
"206","/wiki/The_Green_Inferno_(film)","The Green Inferno (film)","The Green Inferno (2013). Lorenza Izzo nearly drowned while filming the escape attempt sequence, where her character runs into the river near the village and is pushed downstream before being recaptured. It was not until one of the crew realized that her screams for help were real, that she was rescued. Some footage of this scene was kept in the film.[citation needed]"
"207","/wiki/Kick-Ass_2_(film)","Kick-Ass 2 (film)","Kick-Ass 2 (2013). While filming a fight scene, ChloÃ« Grace Moretz's stunt double suffered a head injury when she was thrown into a wall by Olga Kurkulina.[247]"
"208","/wiki/The_Lone_Ranger_(2013_film)","The Lone Ranger (2013 film)","The Lone Ranger (2013). Crew member Michael Bridger drowned while cleaning a  24-foot-deep (7.3 m) water tank to be used in the film's underwater scene.[191]"
"209","/wiki/Now_You_See_Me_(film)","Now You See Me (film)","Now You See Me (2013). While filming the water-chamber escape scene, Isla Fisher nearly drowned when she had difficulty unlocking her shackles and was stuck in the chamber for less than three minutes.[248]"
"210","/wiki/Nurse_3D","Nurse 3D","Nurse 3D (2013). During filming in Toronto, Paz de la Huerta was struck by a reckless ambulance driver. She suffered a broken tailbone and spinal fracture, which required more than 20 surgeries.[249]"
"211","/wiki/Thor:_The_Dark_World","Thor: The Dark World","Thor: The Dark World (2013). Jaimie Alexander suffered severe injuries when she slipped off a metal staircase during a rainy morning on the set. The fall caused her to slip a disc in her thoracic spine and chip 11 of her vertebrae, as well as dislocate her left shoulder and tear a rhomboid on her right side. The injuries took her out of filming for a month.[138][250][251]"
"212","/wiki/Cops_(TV_series)","mw-redirect","Cops (2014). While filming a shooting incident at a Wendy's in Omaha, Nebraska, audio technician Bryce Dion was accidentally shot by Omaha Police Department gunfire. He and the suspect were pronounced dead upon arrival at the hospital.[252][253]"
"213","/wiki/The_Expendables_3","The Expendables 3","The Expendables 3 (2014). Sylvester Stallone suffered a serious back injury from a bad fall, requiring surgery that involved adding metal plates to his spine. In a separate scene, Antonio Banderas sustained a knee injury.[254] While filming in Varna, Bulgaria, a truck driven by Jason Statham lost its brakes and fell into the Black Sea. Statham was able to swim out of the accident unharmed.[219]"
"214","/wiki/Midnight_Rider_(film)","Midnight Rider (film)","Midnight Rider: The Gregg Allman Story (2014, unfinished). Second camera assistant Sarah Jones was struck and killed by a freight train, and several crew members were injured, on 20 February 2014 when they attempted to shoot a scene with a hospital bed on an active railroad trestle at a location outside of Savannah, Georgia. The railroad company responsible for the tracks has claimed that the production crew did not have permission to film there.[19][191][256][257] As a consequence, the Safety for Sarah movement was launched to campaign and demand for increased safety in future film productions."
"215","/wiki/1864_(TV_series)","1864 (TV series)","1864 (2015). During filming of the battles of the series, 18 extras collapsed due to wearing large woollen winter coats in the middle of summer where temperatures reached 43 degrees Celsius.[258]"
"216","/wiki/Dropped_(TV_series)","Dropped (TV series)","Dropped (2015). During the shooting of the French reality TV series on 9 March, two helicopters collided, killing ten people. The helicopters were reported to be heading to a gorge in northwestern Argentina for the French broadcaster TF1. Eight French passengers and the choppers' two Argentinian pilots died in the midair crash near the town of Villa Castelli in La Rioja province, Argentina's state news agency Telam reported, citing local authorities. The dead included the famed sailor Florence Arthaud, who in 1990 broke the record for crossing the North Atlantic alone; the swimmer Camille Muffat, who won three medals at the 2012 Olympics in London; and the boxer Alexis Vastine, who won a bronze medal at the 2008 Olympics in Beijing.[191][259][260]"
"217","/wiki/Star_Wars:_The_Force_Awakens","Star Wars: The Force Awakens","Star Wars: The Force Awakens (2015). On 12 June 2014, Harrison Ford fractured a bone in his leg while filming at Pinewood Studios after a hydraulic door fell on him, and was subsequently taken to a hospital to receive treatment. Filming was initially expected to continue as planned as Ford received treatment,[261] though it was later revealed that production was suspended for two weeks to accommodate Ford's injury.[262] Ford's son Ben released details on his father's injury saying that his ankle will likely need a plate and screws and that filming could be altered slightly with the crew needing to shoot Ford from the waist up for a short time until he recovered.[263] Director J. J. Abrams also injured his back while helping lift the hydraulic door off Ford's leg.[264]"
"218","/wiki/Kadavul_Irukaan_Kumaru","Kadavul Irukaan Kumaru","Kadavul Irukaan Kumaru (2016). G. V. Prakash Kumar and RJ Balaji were injured in a car crash during the filming of an action sequence near Tindivanam.[265][266]"
"219","/wiki/Masti_Gudi","mw-redirect","Masti Gudi (2016). On 7 November 2016, actors Anil Kumar and Raghava Uday drowned in Thippagondanahalli Reservoir near Bangalore, when they took a 60-foot (18 m) plunge from a chopper while shooting the film's climax scene. A rescue motorboat scheduled to pull the actors out of the water did not start, resulting in immediate drowning of both the actors.[267]"
"220","/wiki/Shooter_(TV_series)","Shooter (TV series)","Shooter (2016). On 6 July 2016, while filming a scene at Agua Dulce Airpark, actor Tom Sizemore accidentally ran over a stuntman. Sizemore was supposed to enter the Cadillac Escalade and stay there until the scene ended. The stunt coordinator told him not to pull out, but he did so regardless, not realizing that the stuntman was behind him.[268]"
"221","/wiki/Silence_(2016_film)","Silence (2016 film)","Silence (2016). On 30 January 2015, a brick and wood house on the film's set in Taiwan suddenly collapsed on three construction workers who had been reinforcing the structure. One of the workers, Chen Yu-lung, was pronounced dead in the hospital while the other two sustained head and leg injuries.[269][270]"
"222","/wiki/Skiptrace_(film)","Skiptrace (film)","Skiptrace (2016). On 17 December 2014, cinematographer Chan Kwok-Hung drowned when a motorized sampan he was on capsized during filming in Sunny Bay off Lantau Island in Hong Kong.[271]"
"223","/wiki/Blade_Runner_2049","Blade Runner 2049","Blade Runner 2049 (2017). On 25 August 2016, a construction worker was killed while dismantling one of the film's sets at Origo Studios in Budapest, Hungary.[273]"
"224","/wiki/A_Dog%27s_Purpose_(film)","A Dog's Purpose (film)","A Dog's Purpose (2017). In 2017, a video was released of filming in 2015, where a German Shepherd named Hercules was submerged under a rushing current while the crew rushed towards him. This was also the subject of controversy as the video shown by TMZ also features a man holding Hercules by the collar and leading him into the water, this leading to accusations of manhandling.[274] Amblin Entertainment released a statement in regards to the incident, saying that ""on the day of the shoot, Hercules did not want to perform the stunt portrayed on the tape so the Amblin production team did not proceed with filming that shot"", and that ""Hercules is happy and healthy"".[275] On 4 February 2017, the American Humane Association reported that an independent third-party animal-cruelty expert had concluded that safety measures on the set of the film were in place and the video had been deliberately edited to mislead the public.[276]"
"225","/wiki/The_Fate_of_the_Furious","The Fate of the Furious","The Fate of the Furious (2017). During principal photography in MÃ½vatn, Iceland, on 14 March 2016, strong winds sent a plastic iceberg prop flying into a paddock and striking two horses. One was wounded and the other mortally injured; it was later euthanized.[277]"
"226","/wiki/The_Grand_Tour_(TV_series)","mw-redirect","The Grand Tour (2017). While filming in Mozambique for the series' second season, Richard Hammond was seriously injured after falling off his motorbike.[citation needed] While filming another segment on 10 June 2017, Hammond was hospitalized after crashing a Rimac Concept One during a hillclimbing event in Switzerland. Hammond was able to escape the accident with a fractured knee, despite the car flipping and catching fire shortly afterwards. The crash footage was shown in the first episode of the second season.[278]"
"227","/wiki/Prison_Break_(season_5)","Prison Break (season 5)","Prison Break (2017). On 1 June 2016, Dominic Purcell suffered a broken nose and a head injury on set in Morocco after an iron bar used as a set piece had fallen onto his head. Purcell was immediately airlifted from Marrakesh to Casablanca for treatment where he recovered.[279][280][281]"
"228","/wiki/Resident_Evil:_The_Final_Chapter","Resident Evil: The Final Chapter","Resident Evil: The Final Chapter (2017). Stunt double Olivia Jackson was severely injured in a motorcycle accident on set in South Africa in September 2015, leaving her in a medically-induced coma for two weeks. During a high-speed motorcycle chase, she collided with a camera arm. Among Jackson's injuries were cerebral trauma, a crushed and degloved face, a severed artery in her neck, a paralyzed arm, several broken ribs, a shattered scapula, a broken clavicle, torn fingers with a thumb that needed to be amputated, and five nerves torn out of her spinal cord.[282] Her paralyzed left arm was amputated in June 2016.[283] Days after Jackson's accident, crew member Ricardo Cornelius was crushed to death by a Hummer H1 that slid off a platform he was operating.[284]"
"229","/wiki/The_Walking_Dead_(TV_series)","The Walking Dead (TV series)","The Walking Dead (2017). On 13 July 2017, stuntman John Bernecker suffered a head injury after falling more than 20 feet off a balcony onto a concrete floor while filming a stunt for the show. He died the following day.[285] In October 2019, a judge ruled against AMC Networks, which attempted to deny responsibility for Bernecker's death after his family sued the network in January 2018.[286]"
"230","/wiki/Deadpool_2","Deadpool 2","Deadpool 2 (2018). On 14 August 2017, stuntwoman Joi ""SJ"" Harris was killed during filming after losing control of a motorcycle while turning a corner and crashing through a glass window.[287][288][289]"
"231","/wiki/Ghostland","Ghostland","Ghostland (2018). In December 2016, actress Taylor Hickson crashed through a glass door while filming a scene, causing massive injuries to her face and requiring multiple reconstructive surgeries. She now has a permanent facial scar as a result of the incident.[290]"
"232","/wiki/Maze_Runner:_The_Death_Cure","Maze Runner: The Death Cure","Maze Runner: The Death Cure (2018). On 17 March 2016, actor Dylan O'Brien suffered multiple injuries on set after being run over by a car in a scene gone wrong and was taken to hospital in Vancouver.[291] Production was stopped after the accident.[292]"
"233","/wiki/9-1-1_(TV_series)","9-1-1 (TV series)","9-1-1 (2019). During filming for Season 3 on 20 August 2019, Ronda Rousey injured two fingers after her left hand was jammed in a boat door. The tip of her ring finger was fractured while her middle finger was broken with the tendon nearly severed. Rousey was rushed to the hospital, where her middle finger was mended with a metal plate and screws.[293]"
"234","/wiki/A_Beautiful_Day_in_the_Neighborhood","A Beautiful Day in the Neighborhood","A Beautiful Day in the Neighborhood (2019). Sound mixer James Emswiller suffered a heart attack and fell from an apartment-building balcony during filming in Mt. Lebanon, Pennsylvania, on 11 October 2018. He died in hospital an hour after the incident.[294]"
"235","/wiki/The_Dirt_(film)","The Dirt (film)","The Dirt (2019). On 11 March 2018, crew member Louis DiVincenti suffered an electric shock while de-rigging a set during the New Orleans shoot. He sustained second- and third-degree burns over 50 percent of his body, which required numerous surgeries, skin grafts, and the amputation of his right foot. On 1 March 2019, DiVincenti sued Netflix and MÃ¶tley CrÃ¼e for $1.8 million to compensate for his medical bills.[295][296]"
"236","/wiki/L.A.%27s_Finest","L.A.'s Finest","L.A.'s Finest (2019). On 21 February 2019, executive producer and showrunner Brandon Sonnier was seriously injured during the shooting of a car stunt at the Port of Los Angeles when the vehicle accidentally crashed into the video village area of the set, which led to a partial amputation on his right leg.[298][299]"
"237","/wiki/Motherless_Brooklyn_(film)","Motherless Brooklyn (film)","Motherless Brooklyn (2019). On 22 March 2018, a fire broke out on one of the film's sets in New York City. The resulting blaze killed firefighter Lieutenant Michael Davidson.[300][301][302]"
"238","/wiki/Cowboy_Bebop#Live-action_series","Cowboy Bebop","Cowboy Bebop (2020). During the series' filming in New Zealand in October 2019, John Cho suffered a knee injury, forcing the production to halt for seven to nine months.[304][305]"
"239","/wiki/F9_(film)","F9 (film)","F9 (2020). In July 2019, stuntman Joe Watts, who doubled for Vin Diesel, sustained a serious head injury after a major fall during filming at the Warner Bros. Studios in Leavesden, Hertfordshire. The stunt involved the stunt double jumping from a balcony using safety wiring. The stunt double had to be airlifted to the hospital where he was placed in induced coma following the event.[306][307]"
"240","/wiki/No_Time_to_Die","No Time to Die","No Time to Die (2020). Daniel Craig sustained an ankle injury while filming in Jamaica and subsequently underwent minor surgery.[308][309] In a separate filming accident, a controlled explosion caused exterior damage to the 007 Stage at Pinewood Studios and left a crew member with minor injuries.[310][311]"
